{"cloudy": {"precision": 0.22627737226277372, "recall": 0.20666666666666667, "f1-score": 0.21602787456445993, "support": 300.0}, "desert": {"precision": 0.20784313725490197, "recall": 0.2345132743362832, "f1-score": 0.2203742203742204, "support": 226.0}, "green_area": {"precision": 0.2702702702702703, "recall": 0.3, "f1-score": 0.2843601895734597, "support": 300.0}, "water": {"precision": 0.25, "recall": 0.22, "f1-score": 0.23404255319148937, "support": 300.0}, "accuracy": 0.24067495559502664, "macro avg": {"precision": 0.2385976949469865, "recall": 0.24029498525073745, "f1-score": 0.23870120942590733, "support": 1126.0}, "weighted avg": {"precision": 0.24061886481307376, "recall": 0.24067495559502664, "f1-score": 0.23990564742752798, "support": 1126.0}}